;https://img03.platesmania.com/221018/o/20163761.jpg;https://img03.platesmania.com/221018/m/20163761.jpg
;https://img03.platesmania.com/221018/o/20163794.jpg;https://img03.platesmania.com/221018/m/20163794.jpg
;https://img03.platesmania.com/221018/o/20163841.jpg;https://img03.platesmania.com/221018/m/20163841.jpg
;https://img03.platesmania.com/221018/o/20163888.jpg;https://img03.platesmania.com/221018/m/20163888.jpg
;https://img03.platesmania.com/221018/o/20163902.jpg;https://img03.platesmania.com/221018/m/20163902.jpg
;https://img03.platesmania.com/221018/o/20163937.jpg;https://img03.platesmania.com/221018/m/20163937.jpg
;https://img03.platesmania.com/221018/o/20164110.jpg;https://img03.platesmania.com/221018/m/20164110.jpg
;https://img03.platesmania.com/221018/o/20164108.jpg;https://img03.platesmania.com/221018/m/20164108.jpg
;https://img03.platesmania.com/221018/o/20164143.jpg;https://img03.platesmania.com/221018/m/20164143.jpg
;https://img03.platesmania.com/221018/o/20164322.jpg;https://img03.platesmania.com/221018/m/20164322.jpg
;https://img03.platesmania.com/221018/o/20164313.jpg;https://img03.platesmania.com/221018/m/20164313.jpg
;https://img03.platesmania.com/221018/o/20164329.jpg;https://img03.platesmania.com/221018/m/20164329.jpg